-- phpMyAdmin SQL Dump
-- version 4.6.6deb5
-- https://www.phpmyadmin.net/
--
-- Host: localhost:3306
-- Generation Time: Mar 19, 2019 at 12:28 PM
-- Server version: 10.3.11-MariaDB-1:10.3.11+maria~cosmic-log
-- PHP Version: 7.2.15-0ubuntu0.18.10.1

SET SQL_MODE = "NO_AUTO_VALUE_ON_ZERO";
SET time_zone = "+00:00";


/*!40101 SET @OLD_CHARACTER_SET_CLIENT=@@CHARACTER_SET_CLIENT */;
/*!40101 SET @OLD_CHARACTER_SET_RESULTS=@@CHARACTER_SET_RESULTS */;
/*!40101 SET @OLD_COLLATION_CONNECTION=@@COLLATION_CONNECTION */;
/*!40101 SET NAMES utf8mb4 */;

--
-- Database: `marskonnect`
--

-- --------------------------------------------------------

--
-- Table structure for table `airtime_to_cash`
--

CREATE TABLE `airtime_to_cash` (
  `id` int(11) NOT NULL,
  `uid` int(11) NOT NULL,
  `tid` int(11) NOT NULL COMMENT 'Transaction table ID',
  `network` varchar(50) NOT NULL,
  `incoming` int(11) NOT NULL,
  `outgoing` int(11) NOT NULL COMMENT 'The amount the admin is paying',
  `details` varchar(255) NOT NULL,
  `status` varchar(50) NOT NULL,
  `type` varchar(10) NOT NULL,
  `datetime` datetime NOT NULL
) ENGINE=InnoDB DEFAULT CHARSET=latin1 COMMENT='Airtime Data Transfer  log';

-- --------------------------------------------------------

--
-- Table structure for table `api_variation`
--

CREATE TABLE `api_variation` (
  `id` int(11) NOT NULL,
  `plan_id` int(11) NOT NULL,
  `variation_name` varchar(50) NOT NULL,
  `variation_amount` int(11) NOT NULL,
  `api_source` varchar(50) DEFAULT NULL
) ENGINE=InnoDB DEFAULT CHARSET=latin1 COMMENT='List of API Variation and there respective name - amount';

--
-- Dumping data for table `api_variation`
--

INSERT INTO `api_variation` (`id`, `plan_id`, `variation_name`, `variation_amount`, `api_source`) VALUES
(1, 1, 'dstv1', 1800, 'vtpass'),
(2, 2, 'dstv2', 3600, 'vtpass'),
(3, 6, 'gotv-lite', 600, 'vtpass'),
(4, 7, 'gotv-value', 1200, 'vtpass'),
(5, 8, 'gotv-plus', 1800, 'vtpass'),
(6, 18, 'ikeja-electric', 0, 'vtpass'),
(7, 19, 'abuja-electric', 0, 'vtpass'),
(8, 20, 'kano', 0, 'vtpass'),
(9, 21, 'portharcourt-electric', 0, 'vtpass');

-- --------------------------------------------------------

--
-- Table structure for table `ci_sessions`
--

CREATE TABLE `ci_sessions` (
  `id` varchar(128) NOT NULL,
  `ip_address` varchar(45) NOT NULL,
  `timestamp` int(10) UNSIGNED NOT NULL DEFAULT 0,
  `data` blob NOT NULL
) ENGINE=InnoDB DEFAULT CHARSET=latin1;

--
-- Dumping data for table `ci_sessions`
--

INSERT INTO `ci_sessions` (`id`, `ip_address`, `timestamp`, `data`) VALUES
('es6gqci02a9dt5c2p75jsmeeub3kc1m5', '197.255.165.160', 1552718477, 0x5f5f63695f6c6173745f726567656e65726174657c693a313535323731383437373b),
('ver2nqf41aoa3ovli0pddv3o5ek6f70r', '46.165.245.154', 1552667107, 0x5f5f63695f6c6173745f726567656e65726174657c693a313535323636373130353b),
('9fq7jeol5qqb3dk42v9qd8e64ccv3tq9', '198.98.54.28', 1552668479, 0x5f5f63695f6c6173745f726567656e65726174657c693a313535323636383437373b),
('0g8ehdoqaf36grfarmiurj0lu8q4jg3p', '185.220.102.6', 1552670312, 0x5f5f63695f6c6173745f726567656e65726174657c693a313535323637303331313b),
('3r4olo01n7nhtv51ie7qrj4ss6jqjrdh', '129.205.112.136', 1552676111, 0x5f5f63695f6c6173745f726567656e65726174657c693a313535323637323036303b),
('5rf5knu4ad6g24f6n6kdgc5904gmor6h', '78.109.23.2', 1552678529, 0x5f5f63695f6c6173745f726567656e65726174657c693a313535323637383532383b),
('51a0vpi844qt5egn2nan7cti4sp9mudh', '185.220.101.0', 1552678930, 0x5f5f63695f6c6173745f726567656e65726174657c693a313535323637383932393b),
('cm54rej57ppnvp3poedt0mdcrjjbd76n', '66.249.93.20', 1552688041, 0x5f5f63695f6c6173745f726567656e65726174657c693a313535323638383034313b),
('2ruufs05g5f5nfuhm9cbg5gk172iqdh3', '66.249.93.20', 1552688041, 0x5f5f63695f6c6173745f726567656e65726174657c693a313535323638383034313b),
('tlve7mjef0lui2k46pap64ic20slqmrr', '66.249.93.82', 1552688055, 0x5f5f63695f6c6173745f726567656e65726174657c693a313535323638383035353b),
('ge2sqj2p63mmgmpmomeh9kgmfs1klo91', '209.17.96.194', 1552706247, 0x5f5f63695f6c6173745f726567656e65726174657c693a313535323730363234373b),
('iklva6tst2anp89l92r069q1874ag8v9', '3.17.160.66', 1552716888, 0x5f5f63695f6c6173745f726567656e65726174657c693a313535323731363838383b),
('tk8hk4qi5ub2q9cd5u0u4m8fjbi3kfvb', '3.17.160.66', 1552716889, 0x5f5f63695f6c6173745f726567656e65726174657c693a313535323731363838393b),
('k0fjs6qj9bhbcoj12bq49nbm9lsm3gtg', '3.17.160.66', 1552716889, 0x5f5f63695f6c6173745f726567656e65726174657c693a313535323731363838393b),
('13a58r8imdvd3630p7guh6orumb6la2n', '129.205.112.136', 1552780309, 0x5f5f63695f6c6173745f726567656e65726174657c693a313535323738303330393b),
('4i1k77gkstmn6qcq5hlb96lfva8th8en', '197.210.55.125', 1552726688, 0x5f5f63695f6c6173745f726567656e65726174657c693a313535323732363638383b),
('riel4jejevov79v9s28ss3ricif8vt15', '129.205.112.136', 1552720400, 0x5f5f63695f6c6173745f726567656e65726174657c693a313535323732303430303b),
('vtt4lb73e3larrkmqv6hnvgc4dr62ogt', '41.203.78.208', 1552723704, 0x5f5f63695f6c6173745f726567656e65726174657c693a313535323732333236313b),
('ujc371d4q9fjvld98tmr7h34shugddc6', '41.203.78.208', 1552723736, 0x5f5f63695f6c6173745f726567656e65726174657c693a313535323732333239333b),
('v1bb77o3e83tnovc9m5u5g2jqic7dbk8', '197.210.54.113', 1552735658, 0x5f5f63695f6c6173745f726567656e65726174657c693a313535323733353635383b),
('p380vu7cf3n68iasfu4mafal59rggstv', '180.76.15.34', 1552727876, 0x5f5f63695f6c6173745f726567656e65726174657c693a313535323732373837363b),
('6s0b1d6cnohpaju2mcns90retemdp3um', '157.55.39.41', 1552730955, 0x5f5f63695f6c6173745f726567656e65726174657c693a313535323733303935353b),
('ahfc87n7vdv3m23l9kk5p9i6q8maa11v', '40.77.167.41', 1552730965, 0x5f5f63695f6c6173745f726567656e65726174657c693a313535323733303936353b),
('s14ett0onmp181btfms1ggjrs195jmfs', '51.15.59.175', 1552732796, 0x5f5f63695f6c6173745f726567656e65726174657c693a313535323733323739353b),
('s574fee3m4t4bnvjns1utlqbq5ddpvfb', '129.205.113.112', 1552733958, 0x5f5f63695f6c6173745f726567656e65726174657c693a313535323733333136363b),
('qnkceldjn0heg5nekp0126a47ahi2li7', '197.210.54.113', 1552735658, 0x5f5f63695f6c6173745f726567656e65726174657c693a313535323733353635383b),
('foeb6jrn6u2keg9f5fl014o495tr4uem', '197.210.61.110', 1552735810, 0x5f5f63695f6c6173745f726567656e65726174657c693a313535323733353737343b),
('ggienpnmfvprpj23b9eijeg5k18mndu1', '66.249.65.94', 1552739176, 0x5f5f63695f6c6173745f726567656e65726174657c693a313535323733393137363b),
('0sjpaishv95gt8hp5pgvs742snlk6sav', '66.249.65.95', 1552739176, 0x5f5f63695f6c6173745f726567656e65726174657c693a313535323733393137363b),
('b6e3thhcn8jsde5bqgjjogebiks9csdm', '66.249.65.94', 1552739183, 0x5f5f63695f6c6173745f726567656e65726174657c693a313535323733393138333b),
('1v6a2eon04cuckfdd8fqc1hs1id2fc3o', '66.249.65.95', 1552739184, 0x5f5f63695f6c6173745f726567656e65726174657c693a313535323733393138343b),
('fq3fgck55fjrmthjtgur3mbtpno2bgrp', '51.15.56.18', 1552740555, 0x5f5f63695f6c6173745f726567656e65726174657c693a313535323734303535333b),
('0b3rdg8mbg2o3cjgk2g8vdeveuqmfc58', '66.249.65.94', 1552745211, 0x5f5f63695f6c6173745f726567656e65726174657c693a313535323734353231313b),
('eb9r4jrquacq7l79t8qkdg4besb49vr0', '66.249.65.95', 1552745211, 0x5f5f63695f6c6173745f726567656e65726174657c693a313535323734353231313b),
('han6oav4be59gemq52gok1olg6e1iejp', '66.249.65.95', 1552748571, 0x5f5f63695f6c6173745f726567656e65726174657c693a313535323734383537313b),
('s3hp1p69gp9d5ntb266ugnsan7bqkttp', '199.249.230.66', 1552750099, 0x5f5f63695f6c6173745f726567656e65726174657c693a313535323735303039383b),
('v4gd00923am1vh8na47k7vrj3s6if411', '107.167.104.61', 1552755462, 0x5f5f63695f6c6173745f726567656e65726174657c693a313535323735353337353b),
('0s1k548t2caqk8qq4g34pi0moopp16no', '209.17.97.34', 1552759583, 0x5f5f63695f6c6173745f726567656e65726174657c693a313535323735393538333b),
('8bs971mo9d3b7ml8g3pc7h0s2oipvame', '192.160.102.170', 1552761171, 0x5f5f63695f6c6173745f726567656e65726174657c693a313535323736313137303b),
('l2ptivhsr7qib722qamjj6nt9avmmqul', '157.55.39.19', 1552764265, 0x5f5f63695f6c6173745f726567656e65726174657c693a313535323736343236353b),
('us943skh3gd7b0inpvd8d6q17m87c6a3', '207.46.13.20', 1552764320, 0x5f5f63695f6c6173745f726567656e65726174657c693a313535323736343332303b),
('44ck9jb9jlk6scsam93o8lsqma36s4ss', '46.165.245.154', 1552768931, 0x5f5f63695f6c6173745f726567656e65726174657c693a313535323736383933303b),
('bltv1qt541513cep89kk0h2ttf4samv9', '129.205.112.136', 1552781635, 0x5f5f63695f6c6173745f726567656e65726174657c693a313535323738303330393b),
('9p8uoqbffusc34lun4qsfg7qmmeuref9', '197.210.45.120', 1552799019, 0x5f5f63695f6c6173745f726567656e65726174657c693a313535323739383934353b),
('mgf7eamp168ldjqtel5l1dploarjhj0f', '66.249.64.203', 1552801195, 0x5f5f63695f6c6173745f726567656e65726174657c693a313535323830313139353b),
('rebkd4qd5ohl7v4qmfgmhlb3d9ojfpul', '66.249.64.201', 1552801196, 0x5f5f63695f6c6173745f726567656e65726174657c693a313535323830313139363b),
('kdm71hj1rdob9o8ae2vpiif5ltaqv5rb', '197.210.47.105', 1552810349, 0x5f5f63695f6c6173745f726567656e65726174657c693a313535323831303334393b),
('gjaigjanj6gn7an6uglbeq568b71d0on', '197.210.227.250', 1552803539, 0x5f5f63695f6c6173745f726567656e65726174657c693a313535323830333532353b),
('ebsv6vic5gdimhaed43h4vv48sfpko5g', '129.205.112.136', 1552810249, 0x5f5f63695f6c6173745f726567656e65726174657c693a313535323830333538383b),
('50t8vukf54tqqvi1jrk33ssk97btloce', '197.210.226.153', 1552808240, 0x5f5f63695f6c6173745f726567656e65726174657c693a313535323830383231353b),
('iuheg1nm8b3tebmtn0tote76fo4l86gv', '197.210.47.105', 1552810393, 0x5f5f63695f6c6173745f726567656e65726174657c693a313535323831303334393b),
('6jgd7mg2smdcu200grka04kvjchacbcp', '197.210.47.105', 1552811526, 0x5f5f63695f6c6173745f726567656e65726174657c693a313535323831313133383b),
('hna2en7qmfodr179ncfdgj06h6722725', '105.112.40.111', 1552817859, 0x5f5f63695f6c6173745f726567656e65726174657c693a313535323831373436303b),
('92s3tukb7e5dsmqm0enlh96tc2tlfv5r', '50.116.33.150', 1552818131, 0x5f5f63695f6c6173745f726567656e65726174657c693a313535323831383133313b),
('jdo5cc4de1ml0klo8297v15r47uo35p1', '129.205.112.136', 1552838320, 0x5f5f63695f6c6173745f726567656e65726174657c693a313535323833383332303b),
('f7ptk2iehl7ujo65us5pa28evfbi1v8s', '129.205.112.136', 1552832466, 0x5f5f63695f6c6173745f726567656e65726174657c693a313535323833323436363b),
('8364fihalc177u9esum7kk71b5vpilk4', '52.89.108.1', 1552821224, 0x5f5f63695f6c6173745f726567656e65726174657c693a313535323832313232343b),
('ppf0l4sveao08mtqpni2rsaaljhccahc', '54.214.76.106', 1552821225, 0x5f5f63695f6c6173745f726567656e65726174657c693a313535323832313232353b),
('avkqa1biur5ikitse136pdneq867v87a', '197.210.227.199', 1552825003, 0x5f5f63695f6c6173745f726567656e65726174657c693a313535323832333838303b),
('dl9hpnts37addl9sgbq79t6hbdk9okrd', '199.87.154.255', 1552829457, 0x5f5f63695f6c6173745f726567656e65726174657c693a313535323832393435373b),
('0c933i29gb84p4d13lhrt58k3po24t86', '5.188.62.5', 1552830193, 0x5f5f63695f6c6173745f726567656e65726174657c693a313535323833303139333b),
('13i7n2r56t0l174bpf9i405hlm75ireh', '66.249.64.201', 1552830810, 0x5f5f63695f6c6173745f726567656e65726174657c693a313535323833303831303b),
('s8elv4ucmle6oini6ld70vuq6pok4h28', '66.249.64.201', 1552830815, 0x5f5f63695f6c6173745f726567656e65726174657c693a313535323833303831353b),
('281570jh71d9ta2h1q9v4ptdbj54a39k', '66.249.64.203', 1552830997, 0x5f5f63695f6c6173745f726567656e65726174657c693a313535323833303939373b),
('advqgsdddcl6h769hguolee3fel56cva', '129.205.112.136', 1552852536, 0x5f5f63695f6c6173745f726567656e65726174657c693a313535323835323533363b),
('f55s3uuorok21526465o2rnhd5ktt7qf', '66.249.64.199', 1552834971, 0x5f5f63695f6c6173745f726567656e65726174657c693a313535323833343937313b),
('scd52fovl0ctlbmtqb1ngjg9r8gp18e1', '66.249.64.201', 1552834971, 0x5f5f63695f6c6173745f726567656e65726174657c693a313535323833343937313b),
('kuqqel88svdlmgvp1dclk5bg5e378o57', '199.249.230.73', 1552837001, 0x5f5f63695f6c6173745f726567656e65726174657c693a313535323833373030313b),
('f3utdcaps8mg4oeovbnkvu6b9difhd15', '185.220.102.6', 1552837116, 0x5f5f63695f6c6173745f726567656e65726174657c693a313535323833373131353b),
('cstdefvt75s07hthokq3dlkff845gl91', '41.217.93.188', 1552847162, 0x5f5f63695f6c6173745f726567656e65726174657c693a313535323834373136323b6c6f676765645f696e7c623a313b6c6f676765645f69647c733a313a2232223b6c6f67696e5f757365726e616d657c733a31353a2261646d696e40676d61696c2e636f6d223b77616c6c65747c733a313a2230223b656d61696c7c733a31353a2261646d696e40676d61696c2e636f6d223b69735f61646d696e7c733a313a2231223b),
('2qjdhafu1fk9g191gb0or2ovstq0nvkh', '80.127.116.96', 1552838760, 0x5f5f63695f6c6173745f726567656e65726174657c693a313535323833383736303b),
('tl1l9j6bsh25l95v2e3pshgbm5ejhf4b', '66.249.64.201', 1552838810, 0x5f5f63695f6c6173745f726567656e65726174657c693a313535323833383831303b),
('ps9t9fl3r7utd872cto27o2ipd5iekvr', '66.249.64.201', 1552838810, 0x5f5f63695f6c6173745f726567656e65726174657c693a313535323833383831303b),
('p42vs4fgo80hh841f5nsut96bjr6t30q', '158.69.192.239', 1552839971, 0x5f5f63695f6c6173745f726567656e65726174657c693a313535323833393936393b),
('6mqo6pvsqdrnnn8qo8pti9bepfqan1kh', '95.128.43.164', 1552840187, 0x5f5f63695f6c6173745f726567656e65726174657c693a313535323834303138373b),
('t7g9jmnguivm54lpp1ro0tc3s983eqmd', '23.129.64.105', 1552843544, 0x5f5f63695f6c6173745f726567656e65726174657c693a313535323834333534343b),
('c4g70cmmipqkrcv3k1fmm5lj9ojgngl7', '199.249.230.65', 1552844533, 0x5f5f63695f6c6173745f726567656e65726174657c693a313535323834343533333b),
('b7l0apffd2h56k0nqakk5iv65tke111f', '199.249.230.75', 1552844769, 0x5f5f63695f6c6173745f726567656e65726174657c693a313535323834343736393b),
('l6rm6liol6iojojjn6olafrpcpugd3bd', '41.217.93.188', 1552851604, 0x5f5f63695f6c6173745f726567656e65726174657c693a313535323834353438383b),
('8ush46avf21qh8bta32b5io2og9as1kg', '41.217.114.111', 1552846551, 0x5f5f63695f6c6173745f726567656e65726174657c693a313535323834363535313b),
('ug9f2o9kvg5s15hf7c67q9kjcn1vuvto', '41.217.114.111', 1552846601, 0x5f5f63695f6c6173745f726567656e65726174657c693a313535323834363630313b),
('gutg5uojd30pbu08mmvpmh3cd1rff5sh', '41.217.114.111', 1552846764, 0x5f5f63695f6c6173745f726567656e65726174657c693a313535323834363736343b),
('ed53jolrpf219jsc7d37tkvuch23hglj', '41.217.114.111', 1552846791, 0x5f5f63695f6c6173745f726567656e65726174657c693a313535323834363739313b),
('qm1u60bgea3g87fhir58mgtpesvi8phj', '41.217.114.111', 1552847332, 0x5f5f63695f6c6173745f726567656e65726174657c693a313535323834373333323b),
('1rq1k4jc1di477gs3v8j756fh63d5vj2', '41.217.114.111', 1552847335, 0x5f5f63695f6c6173745f726567656e65726174657c693a313535323834373333353b),
('ne1suk43ipbed9gq8iqa0vpmffoj1fck', '41.217.114.111', 1552847339, 0x5f5f63695f6c6173745f726567656e65726174657c693a313535323834373333393b),
('a2npptr3m7sgdtmjb0f1kj0b39tkee94', '41.217.114.111', 1552847339, 0x5f5f63695f6c6173745f726567656e65726174657c693a313535323834373333393b),
('hfuou95rlu18l6ckgna9ebg5n7hrc7j2', '41.217.114.111', 1552847340, 0x5f5f63695f6c6173745f726567656e65726174657c693a313535323834373334303b),
('4j6l25dpvgrnh80q2jgvj8hfo3cf0b6i', '41.217.114.111', 1552847341, 0x5f5f63695f6c6173745f726567656e65726174657c693a313535323834373334313b),
('o66hkt3kjns1o42rhvstdkmvknd17ugk', '41.217.114.111', 1552847341, 0x5f5f63695f6c6173745f726567656e65726174657c693a313535323834373334313b),
('reh9qlhblgbcrpnhrgrj29hgje1k2hc0', '41.217.114.111', 1552847341, 0x5f5f63695f6c6173745f726567656e65726174657c693a313535323834373334313b),
('ronm9holaf3rl1c59e6hksinl6kbglul', '41.217.114.111', 1552847341, 0x5f5f63695f6c6173745f726567656e65726174657c693a313535323834373334313b),
('kga5ihbrhap6delen6ehb2qon69jbjjd', '41.217.114.111', 1552847342, 0x5f5f63695f6c6173745f726567656e65726174657c693a313535323834373334323b),
('emtkacajs00suv4f9eqq10hl90kunrt7', '41.217.114.111', 1552847342, 0x5f5f63695f6c6173745f726567656e65726174657c693a313535323834373334323b),
('i38suvntvvrdddgmc1skggpace464gn1', '41.217.114.111', 1552847342, 0x5f5f63695f6c6173745f726567656e65726174657c693a313535323834373334323b),
('reb379nmcs01sg08a21sltrumc3u2826', '41.217.114.111', 1552847342, 0x5f5f63695f6c6173745f726567656e65726174657c693a313535323834373334323b),
('gq0l30trbq8jtu022p28b9re85bdqekq', '41.217.114.111', 1552847343, 0x5f5f63695f6c6173745f726567656e65726174657c693a313535323834373334333b),
('pcrsgkrodgqsrfk9uabb78775b4pmsgk', '41.217.114.111', 1552847343, 0x5f5f63695f6c6173745f726567656e65726174657c693a313535323834373334333b),
('l7koh97sgd307756holev5u7g0qu0p59', '41.217.114.111', 1552847348, 0x5f5f63695f6c6173745f726567656e65726174657c693a313535323834373334383b),
('tpq5vv8436k2mj4j4au88hlc649js764', '41.217.114.111', 1552847348, 0x5f5f63695f6c6173745f726567656e65726174657c693a313535323834373334383b),
('ocqn8u4f27atltqkqm70ui32cnnkrnrp', '41.217.114.111', 1552847348, 0x5f5f63695f6c6173745f726567656e65726174657c693a313535323834373334383b),
('4bgpd2igkc7ao8ndm47au8g4t42om6lr', '41.217.114.111', 1552847395, 0x5f5f63695f6c6173745f726567656e65726174657c693a313535323834373339353b),
('8rs3mafou4vehc8fu3g11ee51ov4ht5m', '104.244.73.126', 1552847412, 0x5f5f63695f6c6173745f726567656e65726174657c693a313535323834373431323b),
('mafpph6njsu8vel83tbb2tscc409eu51', '41.217.114.111', 1552847470, 0x5f5f63695f6c6173745f726567656e65726174657c693a313535323834373437303b),
('n3666bvom4d7tc4e5p9dlptmaubj50q4', '162.247.74.216', 1552847549, 0x5f5f63695f6c6173745f726567656e65726174657c693a313535323834373534373b),
('djiccuda9qd9rejsgv11f1bvicngcmdo', '71.19.148.20', 1552848041, 0x5f5f63695f6c6173745f726567656e65726174657c693a313535323834383034313b),
('dqbo89a51q8trmupkohq0m4g40l3vikj', '41.217.114.111', 1552848141, 0x5f5f63695f6c6173745f726567656e65726174657c693a313535323834383039303b),
('4aqdll7012pnjooeldvogfuaeqoc7ba8', '41.217.114.111', 1552848144, 0x5f5f63695f6c6173745f726567656e65726174657c693a313535323834383130353b),
('p4k0du0k0haljt5g1pplhrvgsrfldi0e', '41.217.114.111', 1552848117, 0x5f5f63695f6c6173745f726567656e65726174657c693a313535323834383131373b),
('l47mbg3njfn145mb27hvj6jlh3id9fm9', '41.217.114.111', 1552848173, 0x5f5f63695f6c6173745f726567656e65726174657c693a313535323834383137333b),
('tapgpknj1tlkh073oojnavkdug18kbka', '41.217.114.111', 1552848193, 0x5f5f63695f6c6173745f726567656e65726174657c693a313535323834383139333b),
('ig9uddkceuahqc287sij1c06mj8asgpd', '66.249.64.201', 1552848495, 0x5f5f63695f6c6173745f726567656e65726174657c693a313535323834383439353b),
('9sab32rd5g2av8ahogmtvsm8beju20q6', '66.249.64.199', 1552848495, 0x5f5f63695f6c6173745f726567656e65726174657c693a313535323834383439353b),
('pilsc1278fpe5tjpr3k93fsdgqd4jul8', '66.249.64.199', 1552848500, 0x5f5f63695f6c6173745f726567656e65726174657c693a313535323834383530303b),
('9r07rru2fa1n5vmhura1b75cuafqo001', '66.249.64.201', 1552848500, 0x5f5f63695f6c6173745f726567656e65726174657c693a313535323834383530303b),
('9oh8up2ibhajv5d29ao7rf3316sute00', '41.217.114.111', 1552852315, 0x5f5f63695f6c6173745f726567656e65726174657c693a313535323835303230363b6c6f676765645f696e7c623a313b6c6f676765645f69647c733a313a2232223b6c6f67696e5f757365726e616d657c733a31353a2261646d696e40676d61696c2e636f6d223b77616c6c65747c733a313a2230223b656d61696c7c733a31353a2261646d696e40676d61696c2e636f6d223b69735f61646d696e7c733a313a2231223b),
('ielduki43nff4u8aufuev7usjim7cv7f', '41.217.114.111', 1552851555, 0x5f5f63695f6c6173745f726567656e65726174657c693a313535323835313535353b),
('s8eksc6akuraqncat43nfc5ljpvmk08d', '41.217.114.111', 1552851563, 0x5f5f63695f6c6173745f726567656e65726174657c693a313535323835313536333b),
('0hobiobrp2cvgmgvmqgj8esngur6mme5', '41.217.114.111', 1552851627, 0x5f5f63695f6c6173745f726567656e65726174657c693a313535323835313632373b),
('198n7i54stof75j6s59pm7dgnefh37cc', '197.210.54.14', 1552856023, 0x5f5f63695f6c6173745f726567656e65726174657c693a313535323835323233323b),
('2535df77espun98i53arsb06eeunc28k', '82.221.131.71', 1552852335, 0x5f5f63695f6c6173745f726567656e65726174657c693a313535323835323333333b),
('qedpkqk9uugg3ufj18ajtk8sj0j37e0j', '129.205.112.136', 1552852673, 0x5f5f63695f6c6173745f726567656e65726174657c693a313535323835323533363b),
('egl59pgptq70qd0uppu1c2p1o5vtpcvi', '197.210.53.29', 1552856290, 0x5f5f63695f6c6173745f726567656e65726174657c693a313535323835363135353b),
('pnlomnbtt9er6afgel791lg3kn2tmedh', '85.248.227.164', 1552856407, 0x5f5f63695f6c6173745f726567656e65726174657c693a313535323835363430373b),
('hldr98h0dijt4f5pbftr04r69f94ouhg', '51.15.233.253', 1552856501, 0x5f5f63695f6c6173745f726567656e65726174657c693a313535323835363530313b),
('6kjoagendkq21m3ttpgqmmrdquj310j1', '197.210.54.167', 1552857657, 0x5f5f63695f6c6173745f726567656e65726174657c693a313535323835363538363b),
('plbrq87th1af2tqnkmofij8pncj8qsr5', '51.15.117.50', 1552856631, 0x5f5f63695f6c6173745f726567656e65726174657c693a313535323835363633313b),
('9bhbra1fatm1rmqhtuku36u05fp9qlo5', '197.210.54.167', 1552857440, 0x5f5f63695f6c6173745f726567656e65726174657c693a313535323835373434303b),
('e35nrnie8kt0g52rh6lhabpibdveugbh', '23.129.64.101', 1552860976, 0x5f5f63695f6c6173745f726567656e65726174657c693a313535323836303937363b),
('45ps6fulj2e68mc3n68bkni3fe89embf', '195.176.3.20', 1552861183, 0x5f5f63695f6c6173745f726567656e65726174657c693a313535323836313138333b),
('9191kj2r6vi7tcnt3s71kj6kucbobt5b', '109.70.100.25', 1552861214, 0x5f5f63695f6c6173745f726567656e65726174657c693a313535323836313231343b),
('enkig2qp0shcsafpd88a41uenlpr6ef9', '51.15.68.66', 1552863980, 0x5f5f63695f6c6173745f726567656e65726174657c693a313535323836333937393b),
('0tfeagviv71t92g11qob9auvngit6016', '66.249.64.201', 1552864162, 0x5f5f63695f6c6173745f726567656e65726174657c693a313535323836343136323b),
('oqq6288he6pams763vo09o1q27r5rq8b', '66.249.64.203', 1552864163, 0x5f5f63695f6c6173745f726567656e65726174657c693a313535323836343136333b),
('a200mmeu55qug7uvu1r0sloelhspthf6', '197.255.166.37', 1552864903, 0x5f5f63695f6c6173745f726567656e65726174657c693a313535323836343930333b),
('3rrqfrnr250o3gpvlvmf0npv9ti5iulq', '197.255.166.37', 1552864903, 0x5f5f63695f6c6173745f726567656e65726174657c693a313535323836343930333b),
('57a8badsj75t0hej0d12k2eiqbe2mgkg', '197.255.166.37', 1552864925, 0x5f5f63695f6c6173745f726567656e65726174657c693a313535323836343932353b),
('kss940shibahiqp3o9f3cuikolam2a4m', '197.255.166.37', 1552864964, 0x5f5f63695f6c6173745f726567656e65726174657c693a313535323836343936343b),
('l0lan93s88fstlvh77ujv5gtn7boq45s', '54.38.159.90', 1552867530, 0x5f5f63695f6c6173745f726567656e65726174657c693a313535323836373533303b),
('60vjchp5jcbmjcnt194s8aakc9rb1q6v', '185.220.101.25', 1552867762, 0x5f5f63695f6c6173745f726567656e65726174657c693a313535323836373736303b),
('0li6mdrg24kthnuhp2b9dlv3nkeavmji', '109.70.100.23', 1552872661, 0x5f5f63695f6c6173745f726567656e65726174657c693a313535323837323636313b),
('u714ssc3u9a4d7godbtgaepi70n0pmjg', '199.249.230.73', 1552874961, 0x5f5f63695f6c6173745f726567656e65726174657c693a313535323837343936313b),
('a6bf1fpqmrjtncp843pko88r1o8o3rpp', '157.55.39.40', 1552884750, 0x5f5f63695f6c6173745f726567656e65726174657c693a313535323838343735303b),
('n0p3v8ilkpbq3frsvlg5o09jehn3jk0f', '207.46.13.2', 1552884757, 0x5f5f63695f6c6173745f726567656e65726174657c693a313535323838343735373b),
('67lpbjbmvbeu813kgq380dpfqe9rjbnc', '207.46.13.238', 1552887745, 0x5f5f63695f6c6173745f726567656e65726174657c693a313535323838373734353b),
('iqu7cj38tt59da9nhgo82p8uf9fsuugs', '157.55.39.15', 1552887752, 0x5f5f63695f6c6173745f726567656e65726174657c693a313535323838373735323b),
('lhdda16k6fc5cvhucab2bkpod8md4kja', '207.46.13.167', 1552887755, 0x5f5f63695f6c6173745f726567656e65726174657c693a313535323838373735353b),
('2mm3cvh59mt7g8urpbole91bsqt366mv', '197.210.47.243', 1552891757, 0x5f5f63695f6c6173745f726567656e65726174657c693a313535323839313735303b),
('hnggjitr3eg44ph1i4njhme9jd2alvvq', '154.118.30.11', 1552896501, 0x5f5f63695f6c6173745f726567656e65726174657c693a313535323839333532383b6c6f676765645f696e7c623a313b6c6f676765645f69647c733a313a2231223b6c6f67696e5f757365726e616d657c733a32323a22736f6b6f79617068696c697040676d61696c2e636f6d223b77616c6c65747c733a353a223434313137223b656d61696c7c733a32323a22736f6b6f79617068696c697040676d61696c2e636f6d223b69735f61646d696e7c733a313a2230223b),
('b0kef1858ir7npbjlg0gcdk6pq613lk9', '18.236.130.52', 1552893718, 0x5f5f63695f6c6173745f726567656e65726174657c693a313535323839333731383b),
('u2hvkpr0beluie0pg19b5d1m95jdq476', '178.175.143.163', 1552896437, 0x5f5f63695f6c6173745f726567656e65726174657c693a313535323839363433363b),
('649eq4ohg1vv8m9v59920536s205gbn7', '197.210.55.145', 1552897726, 0x5f5f63695f6c6173745f726567656e65726174657c693a313535323839373031353b),
('lc88llk34khcpv2v63kka6ci5ekaf7ng', '197.210.54.243', 1552897100, 0x5f5f63695f6c6173745f726567656e65726174657c693a313535323839373130303b),
('msdevq5qu3v8hv1vnrhcptg3jbpmu2cu', '197.210.54.243', 1552897103, 0x5f5f63695f6c6173745f726567656e65726174657c693a313535323839373130333b),
('j944rdrqj3hfseig9sneq1g1opcdu00o', '197.210.54.243', 1552897105, 0x5f5f63695f6c6173745f726567656e65726174657c693a313535323839373130353b),
('ubn4bro2156iqur48prd5tkldb6hjvlc', '197.210.54.243', 1552897108, 0x5f5f63695f6c6173745f726567656e65726174657c693a313535323839373130383b),
('0evpbir7bsr9bgstn7o5mas2fjfii35q', '197.210.54.243', 1552897111, 0x5f5f63695f6c6173745f726567656e65726174657c693a313535323839373131313b),
('v7e4kd3n0agjb29rvjqr05apekct4hbv', '197.210.54.243', 1552897113, 0x5f5f63695f6c6173745f726567656e65726174657c693a313535323839373131333b),
('d38782bjl5ao255s441fe558r1t476gn', '197.210.54.243', 1552897114, 0x5f5f63695f6c6173745f726567656e65726174657c693a313535323839373131343b),
('324n495mn2pbn1lr799m9ov498dn9lgd', '197.210.54.243', 1552897114, 0x5f5f63695f6c6173745f726567656e65726174657c693a313535323839373131343b),
('hd9tq1h13buc7v5bsrmre55jech3esg3', '197.210.54.243', 1552897121, 0x5f5f63695f6c6173745f726567656e65726174657c693a313535323839373132313b),
('kq1tkhn1i9g961c75s7304a8ebbhvcql', '197.210.55.145', 1552897128, 0x5f5f63695f6c6173745f726567656e65726174657c693a313535323839373132383b),
('742ikbha7sq9s5j6sqsbnvmh8ksnrbls', '197.210.55.145', 1552897128, 0x5f5f63695f6c6173745f726567656e65726174657c693a313535323839373132383b),
('19d7gnqdvull9lrh7sgfdq85a6f6i8cp', '197.210.55.145', 1552897129, 0x5f5f63695f6c6173745f726567656e65726174657c693a313535323839373132393b),
('tbf9nk9us061eoptm8egf4s98hmvl4nv', '197.210.55.231', 1552897160, 0x5f5f63695f6c6173745f726567656e65726174657c693a313535323839373136303b),
('lotukql5rm9ouv3c6jottto9622aemn6', '197.210.55.231', 1552897163, 0x5f5f63695f6c6173745f726567656e65726174657c693a313535323839373136333b),
('oe7l6liij28ufldfhrofkb3530skg2hp', '197.210.55.145', 1552897203, 0x5f5f63695f6c6173745f726567656e65726174657c693a313535323839373230333b),
('ai58v8kmojh56095n9euo66s21pjcsng', '154.118.30.11', 1552897940, 0x5f5f63695f6c6173745f726567656e65726174657c693a313535323839373731373b6c6f676765645f696e7c623a313b6c6f676765645f69647c733a313a2232223b6c6f67696e5f757365726e616d657c733a31353a2261646d696e40676d61696c2e636f6d223b77616c6c65747c733a313a2230223b656d61696c7c733a31353a2261646d696e40676d61696c2e636f6d223b69735f61646d696e7c733a313a2231223b),
('2jpkg5gmipppp5jf2i5rnmc1hru1nl0o', '105.112.11.212', 1552897879, 0x5f5f63695f6c6173745f726567656e65726174657c693a313535323839373837393b),
('uf34km8r9eo3evsckedi5e4s87mh6r39', '105.112.11.212', 1552897890, 0x5f5f63695f6c6173745f726567656e65726174657c693a313535323839373839303b),
('v4821n102g5mgi1til4f0r19fsg9mg1h', '127.0.0.1', 1552905653, 0x5f5f63695f6c6173745f726567656e65726174657c693a313535323839393232363b6c6f676765645f696e7c623a313b6c6f676765645f69647c733a313a2233223b656d61696c7c733a31333a2261626340676d61696c2e636f6d223b6c6f67696e5f757365726e616d657c4e3b69735f61646d696e7c733a313a2230223b),
('94nionn87skthclkdpgqi41mj2q6hmtl', '127.0.0.1', 1552908727, 0x5f5f63695f6c6173745f726567656e65726174657c693a313535323930363738393b),
('ibf8uvbcncladu1886jst0m6fi3fpui0', '127.0.0.1', 1552919591, 0x5f5f63695f6c6173745f726567656e65726174657c693a313535323931383632393b6c6f676765645f696e7c623a313b6c6f676765645f69647c733a313a2231223b6c6f67696e5f757365726e616d657c733a31313a223038313639323534353938223b77616c6c65747c733a353a223434313137223b656d61696c7c733a32323a22736f6b6f79617068696c697040676d61696c2e636f6d223b69735f61646d696e7c733a313a2230223b),
('mac5jmtp6gvkcqvobj8fhrp6s7tvlucb', '127.0.0.1', 1552929760, 0x5f5f63695f6c6173745f726567656e65726174657c693a313535323932393736303b6c6f676765645f696e7c623a313b6c6f676765645f69647c733a313a2231223b6c6f67696e5f757365726e616d657c733a31313a223038313639323534353938223b77616c6c65747c733a353a223434313137223b656d61696c7c733a32323a22736f6b6f79617068696c697040676d61696c2e636f6d223b69735f61646d696e7c733a313a2230223b),
('pncgqb3chedbeehh2gg9221mnmi6rjhe', '127.0.0.1', 1552938178, 0x5f5f63695f6c6173745f726567656e65726174657c693a313535323933383137383b6c6f676765645f696e7c623a313b6c6f676765645f69647c733a313a2231223b6c6f67696e5f757365726e616d657c733a31313a223038313639323534353938223b77616c6c65747c733a353a223434313137223b656d61696c7c733a32323a22736f6b6f79617068696c697040676d61696c2e636f6d223b69735f61646d696e7c733a313a2230223b),
('fnl7lbkg5gmvo5r95to0kk6n8u3gqv2o', '127.0.0.1', 1552968913, 0x5f5f63695f6c6173745f726567656e65726174657c693a313535323936383931333b6c6f676765645f696e7c623a313b6c6f676765645f69647c733a313a2231223b6c6f67696e5f757365726e616d657c733a31313a223038313639323534353938223b77616c6c65747c733a353a223434313137223b656d61696c7c733a32323a22736f6b6f79617068696c697040676d61696c2e636f6d223b69735f61646d696e7c733a313a2230223b),
('aa7lmhk93j9g1e30e51sf2sip9c5vo7o', '127.0.0.1', 1552972004, 0x5f5f63695f6c6173745f726567656e65726174657c693a313535323936383931333b6c6f676765645f696e7c623a313b6c6f676765645f69647c733a313a2231223b6c6f67696e5f757365726e616d657c733a31313a223038313639323534353938223b77616c6c65747c733a353a223434313137223b656d61696c7c733a32323a22736f6b6f79617068696c697040676d61696c2e636f6d223b69735f61646d696e7c733a313a2230223b),
('aobrdocuv2fhak4jih4l5eouoqqk24vt', '127.0.0.1', 1552993725, 0x5f5f63695f6c6173745f726567656e65726174657c693a313535323938373431323b6c6f676765645f696e7c623a313b6c6f676765645f69647c733a313a2231223b6c6f67696e5f757365726e616d657c733a31313a223038313639323534353938223b77616c6c65747c733a353a223434313137223b656d61696c7c733a32323a22736f6b6f79617068696c697040676d61696c2e636f6d223b69735f61646d696e7c733a313a2230223b),
('dd9hgtkc9qnfmkokofi15l13pm6slu05', '127.0.0.1', 1552994839, 0x5f5f63695f6c6173745f726567656e65726174657c693a313535323939333839303b6c6f676765645f696e7c623a313b6c6f676765645f69647c733a313a2231223b6c6f67696e5f757365726e616d657c733a31313a223038313639323534353938223b77616c6c65747c733a353a223434313137223b656d61696c7c733a32323a22736f6b6f79617068696c697040676d61696c2e636f6d223b69735f61646d696e7c733a313a2230223b);

-- --------------------------------------------------------

--
-- Table structure for table `plans`
--

CREATE TABLE `plans` (
  `id` int(11) NOT NULL,
  `sid` int(11) NOT NULL,
  `name` varchar(50) NOT NULL,
  `amount` int(11) DEFAULT NULL
) ENGINE=InnoDB DEFAULT CHARSET=latin1;

--
-- Dumping data for table `plans`
--

INSERT INTO `plans` (`id`, `sid`, `name`, `amount`) VALUES
(1, 1, 'DSTV ACCESS', 2000),
(2, 1, 'DSTV FAMILY', 14000),
(3, 1, 'DSTV PREMIUM', 15000),
(4, 1, 'DSTV GERMAN', 3640),
(5, 1, 'DSTV FRENCH', 6050),
(6, 2, 'GOTV LITE', 392),
(7, 2, 'GOTV VALUE', 1127),
(8, 2, 'GOTV PLUS', 1862),
(9, 2, 'GOTV MAX', 3136),
(18, 5, 'IKEJA ELECTRICITY', NULL),
(19, 5, 'ABUJA ELECTRICITY', NULL),
(20, 5, 'KANO ELECTRICITY', NULL),
(21, 5, 'PORTHARCOURT ELECTRICITY', NULL),
(22, 6, '25MB', 25),
(23, 6, '900MB', 410),
(24, 6, '1.6/1.8GB', 820),
(25, 6, '3.65/4.5GB', 1640),
(26, 6, '5.75/7.2GB', 2100),
(27, 6, '7/8.7GB', 2500),
(28, 6, '10/12.5GB', 3200),
(29, 6, '12.5/15.6GB', 4000),
(30, 6, '20/25GB', 6400),
(31, 6, '26/32.5GB', 8500),
(32, 6, '42/52.5GB', 12500),
(33, 7, '1.5GB', 850),
(34, 7, '3.5GB', 1800),
(35, 7, '5.5GB', 2125),
(36, 7, '6.5GB', 2550),
(37, 7, '9.5GB', 3400),
(38, 7, '12GB', 4250),
(39, 7, '16GB', 7000),
(40, 7, '25GB', 8500),
(41, 7, '40GB', 12750),
(42, 7, '60GB', 17000),
(43, 8, '250MB', 150),
(44, 8, '500MB', 250),
(45, 8, '1GB', 450),
(46, 8, '2GB', 900),
(47, 8, '5GB', 2250),
(48, 13, '1G', 920),
(49, 13, '1.5GB', 1100),
(50, 13, '2.5GB', 1840),
(51, 13, '4GB', 2760),
(52, 13, '5.5GB', 3680),
(53, 13, '11.5 GB', 7680),
(54, 13, '15GB', 9200),
(55, 13, '27.5 G', 16560);

-- --------------------------------------------------------

--
-- Table structure for table `products`
--

CREATE TABLE `products` (
  `id` int(11) NOT NULL,
  `title` varchar(50) NOT NULL,
  `slug` varchar(50) NOT NULL,
  `user_end` tinyint(1) NOT NULL DEFAULT 0 COMMENT 'show on user end?'
) ENGINE=InnoDB DEFAULT CHARSET=latin1;

--
-- Dumping data for table `products`
--

INSERT INTO `products` (`id`, `title`, `slug`, `user_end`) VALUES
(1, 'data', 'data', 1),
(2, 'airtime', 'mobile-airtime', 1),
(3, 'tv subscription', 'tv-subscription', 1),
(4, 'electricity bill', 'electricity-bill', 1),
(5, 'recharge card printing', 'recharge-card-printing', 1),
(6, 'wallet funding', 'wallet-funding', 0),
(7, 'wallet transfer', 'wallet-transfer', 0),
(8, 'airtime to cash pin', 'airtime-to-cash-pin', 1);

-- --------------------------------------------------------

--
-- Table structure for table `services`
--

CREATE TABLE `services` (
  `id` int(11) NOT NULL,
  `title` varchar(50) NOT NULL,
  `network_name` varchar(20) NOT NULL,
  `slug` varchar(255) NOT NULL,
  `discount` int(11) NOT NULL,
  `discount_type` varchar(20) NOT NULL,
  `product_id` int(11) NOT NULL,
  `message` text NOT NULL,
  `seo` text NOT NULL,
  `availability` int(11) NOT NULL DEFAULT 1
) ENGINE=InnoDB DEFAULT CHARSET=latin1 COMMENT='All services we render in the system';

--
-- Dumping data for table `services`
--

INSERT INTO `services` (`id`, `title`, `network_name`, `slug`, `discount`, `discount_type`, `product_id`, `message`, `seo`, `availability`) VALUES
(1, 'DsTV', 'dstv', 'dstv', 0, 'all', 3, '<p>Here we\'re ... All for DSTV <br></p>', '<p>Here we\'re ... All for DSTV <br></p>', 1),
(2, 'Gotv', 'gotv', 'gotv', 2, 'all', 3, '<p>Nothing here        <br></p>', '<p>Nothing here<br></p>', 1),
(5, 'Electricity bill', 'electricity', 'electricity-bill', 2, 'all', 4, '<p>Electricity bills<br></p>', '<p>Electricity bills<br></p>', 1),
(6, 'Glo Data', 'glo', 'glo-data', 0, 'reseller', 1, '<span class=\"extra\"><b>Check Balance - *127*0#</b></span>', 'Buy Glo Data Recharge on gecharl.com - Get Data Bundle value instantly.&nbsp; Internet subscription in less a second. Works for all smartphones , blackberry devices<br>', 1),
(7, 'Airtel Data', 'airtel', 'airtime-data', 0, 'reseller', 1, '<span class=\"extra\">Valid for 30days.<br></span>\n<span class=\"extra\"><b>Check Balance - *123#</b></span>', '<p>Gecharl.com -  Buy Airtel Data Recharge on Gecharl.com - Get Data Bundle value instantly.  Internet subscription in less than a second. Works for all smartphone devices.<br></p><p>Buy Airtel Data Recharge, Buy Airtel Data Bundle, Buy Airtel Data Online,Buy Airtel internet in Nigeria, Airtel Top up, Buy Airtel Internet Subscription On Gecharl.com</p>', 1),
(8, 'MTN Data', 'mtn', 'mtn-data', 0, 'reseller', 1, '<span class=\"extra\">Valid for 90days.<br></span>\n<span class=\"extra\">Data Rollover</span>\n<span class=\"extra\"><b>Check Balance - *461*2*3*2#</b></span>', '<p>Buy MTN Data Recharge, Buy MTN Data Bundle, Buy MTN Data Online,Buy MTN internet in Nigeria, MTN Top up, Buy MTN Internet Subscription All on Gecharl.com<br></p>', 1),
(9, 'Glo Airtime', 'glo', 'glo-airtime', 4, 'all', 2, '<p>4% Discount <br></p>', '<p>Gecharl.com -  Buy Glo Airtime Recharge on Gecharl.com - Get Topup value instantly. <br></p>', 1),
(10, 'MTN Airtime', 'mtn', 'mtn-airtime', 2, 'all', 2, '<p>2% Airtime<br></p>', '<p>Gecharl.com Buy MTN Airtime Recharge on Gecharl.com - Get Topup value instantly. <br></p>', 1),
(11, '9mobile', '9mobile', '9mobile', 2, 'all', 2, '<p>2% Discount<br></p>', '<p>Gecharl.com Buy 9mobile Airtime Recharge on Gecharl.com - Get Top-up value instantly.<br></p>', 1),
(12, 'Airtel', 'airtel', 'airtel', 3, 'all', 2, '<p>3% Discount<br></p>', '<p>Gecharl.com - Buy Airtel Airtime Recharge on Gerchal.com - Get Topup value instantly. <br></p>', 1),
(13, '9mobile Data', '', '9mobile-data', 0, 'reseller', 1, '<span class=\"extra\">Valid for 90 days.<br></span>\n<span class=\"extra\">Data Rollover</span>\n<span class=\"extra\"><br><b>check balance *229*9#</b></span>', '<p>Gecharl.com Buy 9mobile Data Recharge, Buy 9mobile Data Bundle, Buy 9mobile Data Online,Buy 9mobile internet in Nigeria, 9mobile Top up, Buy 9mobile Internet Subscription. <br></p>', 1);

-- --------------------------------------------------------

--
-- Table structure for table `transactions`
--

CREATE TABLE `transactions` (
  `id` int(11) NOT NULL,
  `product_id` int(11) NOT NULL,
  `trans_id` varchar(20) NOT NULL,
  `user_id` int(11) DEFAULT NULL,
  `amount` decimal(11,0) NOT NULL,
  `payment_method` int(11) NOT NULL,
  `description` varchar(255) NOT NULL COMMENT 'deposit || transfer',
  `date_initiated` datetime NOT NULL,
  `status` varchar(20) NOT NULL COMMENT 'pending || success || fail || decline',
  `orderid` int(11) DEFAULT NULL,
  `payment_status` varchar(50) DEFAULT NULL
) ENGINE=InnoDB DEFAULT CHARSET=latin1 COMMENT='User funding in the system or transfer...' ROW_FORMAT=COMPACT;

--
-- Dumping data for table `transactions`
--

INSERT INTO `transactions` (`id`, `product_id`, `trans_id`, `user_id`, `amount`, `payment_method`, `description`, `date_initiated`, `status`, `orderid`, `payment_status`) VALUES
(2, 2, '813756', NULL, '98', 0, 'Mtn (100) airtime purchase for 08169254598, recipent', '2019-03-18 08:23:02', 'pending', NULL, NULL),
(3, 2, '569382', NULL, '98', 1, 'Mtn (100) airtime purchase for 08169254598, recipent', '2019-03-18 08:25:08', 'pending', NULL, NULL),
(4, 6, '752463', 1, '500', 1, 'Wallet funding via {1}', '2019-03-18 08:26:46', 'pending', NULL, NULL);

-- --------------------------------------------------------

--
-- Table structure for table `users`
--

CREATE TABLE `users` (
  `id` int(11) NOT NULL,
  `phone` varchar(50) NOT NULL,
  `email` varchar(100) NOT NULL,
  `name` varchar(255) DEFAULT NULL,
  `user_code` varchar(5) NOT NULL,
  `password` varchar(100) NOT NULL,
  `wallet` decimal(11,0) NOT NULL DEFAULT 0,
  `membership_type` varchar(20) NOT NULL,
  `salt` varchar(100) NOT NULL,
  `ip` varchar(20) NOT NULL,
  `is_admin` int(11) NOT NULL DEFAULT 0,
  `date_registered` datetime NOT NULL,
  `last_login` datetime NOT NULL,
  `account_type` varchar(20) NOT NULL,
  `bank_name` varchar(50) NOT NULL,
  `account_name` varchar(50) NOT NULL
) ENGINE=InnoDB DEFAULT CHARSET=latin1;

--
-- Dumping data for table `users`
--

INSERT INTO `users` (`id`, `phone`, `email`, `name`, `user_code`, `password`, `wallet`, `membership_type`, `salt`, `ip`, `is_admin`, `date_registered`, `last_login`, `account_type`, `bank_name`, `account_name`) VALUES
(1, '08169254598', 'sokoyaphilip@gmail.com', NULL, '35198', '2b7bd10b6f1a203838bcf11081c766f6d98e063a35a872ca2bb7a0afdb30c45a', '44117', '', 'HUqk4HG)iRjUx!<HU(z8U1Bc3MJBPn+bdH12JiT(wG(,xh-c-;', '127.0.0.1', 0, '2019-03-09 15:46:14', '2019-03-19 11:19:33', '', '', ''),
(2, '08070994845', 'admin@gmail.com', NULL, '67382', 'db3ae152870a0efb2d95d0262b59a7ae40bea53e0d482a9e47413dba81c93b3d', '0', '', 'JeUM9w?8gtX<E><fp:t.8|5YyFbGMsS#GA):Jj$ui?Ji^^.-PB', '154.118.30.11', 1, '2019-03-12 19:20:21', '2019-03-18 08:28:49', '', '', ''),
(3, '08071994845', 'abc@gmail.com', NULL, '21746', '7ed274fd3f50782885926e0f1acd77798b51c2fea60920c97e39f5086cb957c4', '0', '', 'hpX47xi#kcE#cw+ZB2N4E1?:NFhI)B0krNM:ddYm@KsIHPl.yx', '127.0.0.1', 0, '2019-03-18 10:40:45', '2019-03-18 10:40:45', '', '', '');

--
-- Indexes for dumped tables
--

--
-- Indexes for table `airtime_to_cash`
--
ALTER TABLE `airtime_to_cash`
  ADD PRIMARY KEY (`id`),
  ADD KEY `uid` (`uid`),
  ADD KEY `tid` (`tid`);

--
-- Indexes for table `api_variation`
--
ALTER TABLE `api_variation`
  ADD PRIMARY KEY (`id`),
  ADD KEY `plan_id` (`plan_id`);

--
-- Indexes for table `ci_sessions`
--
ALTER TABLE `ci_sessions`
  ADD KEY `ci_sessions_timestamp` (`timestamp`);

--
-- Indexes for table `plans`
--
ALTER TABLE `plans`
  ADD PRIMARY KEY (`id`),
  ADD KEY `services` (`sid`);

--
-- Indexes for table `products`
--
ALTER TABLE `products`
  ADD PRIMARY KEY (`id`);

--
-- Indexes for table `services`
--
ALTER TABLE `services`
  ADD PRIMARY KEY (`id`);

--
-- Indexes for table `transactions`
--
ALTER TABLE `transactions`
  ADD PRIMARY KEY (`id`),
  ADD KEY `product_id` (`product_id`);

--
-- Indexes for table `users`
--
ALTER TABLE `users`
  ADD PRIMARY KEY (`id`),
  ADD UNIQUE KEY `email` (`email`),
  ADD UNIQUE KEY `username` (`phone`);

--
-- AUTO_INCREMENT for dumped tables
--

--
-- AUTO_INCREMENT for table `airtime_to_cash`
--
ALTER TABLE `airtime_to_cash`
  MODIFY `id` int(11) NOT NULL AUTO_INCREMENT;
--
-- AUTO_INCREMENT for table `api_variation`
--
ALTER TABLE `api_variation`
  MODIFY `id` int(11) NOT NULL AUTO_INCREMENT, AUTO_INCREMENT=10;
--
-- AUTO_INCREMENT for table `plans`
--
ALTER TABLE `plans`
  MODIFY `id` int(11) NOT NULL AUTO_INCREMENT, AUTO_INCREMENT=56;
--
-- AUTO_INCREMENT for table `products`
--
ALTER TABLE `products`
  MODIFY `id` int(11) NOT NULL AUTO_INCREMENT, AUTO_INCREMENT=9;
--
-- AUTO_INCREMENT for table `services`
--
ALTER TABLE `services`
  MODIFY `id` int(11) NOT NULL AUTO_INCREMENT, AUTO_INCREMENT=14;
--
-- AUTO_INCREMENT for table `transactions`
--
ALTER TABLE `transactions`
  MODIFY `id` int(11) NOT NULL AUTO_INCREMENT, AUTO_INCREMENT=5;
--
-- AUTO_INCREMENT for table `users`
--
ALTER TABLE `users`
  MODIFY `id` int(11) NOT NULL AUTO_INCREMENT, AUTO_INCREMENT=4;
--
-- Constraints for dumped tables
--

--
-- Constraints for table `airtime_to_cash`
--
ALTER TABLE `airtime_to_cash`
  ADD CONSTRAINT `airtime_to_cash_ibfk_1` FOREIGN KEY (`uid`) REFERENCES `users` (`id`),
  ADD CONSTRAINT `airtime_to_cash_ibfk_2` FOREIGN KEY (`tid`) REFERENCES `transactions` (`id`);

--
-- Constraints for table `api_variation`
--
ALTER TABLE `api_variation`
  ADD CONSTRAINT `api_variation_ibfk_1` FOREIGN KEY (`plan_id`) REFERENCES `plans` (`id`);

--
-- Constraints for table `plans`
--
ALTER TABLE `plans`
  ADD CONSTRAINT `services` FOREIGN KEY (`sid`) REFERENCES `services` (`id`);

--
-- Constraints for table `transactions`
--
ALTER TABLE `transactions`
  ADD CONSTRAINT `transactions_ibfk_1` FOREIGN KEY (`product_id`) REFERENCES `products` (`id`);

/*!40101 SET CHARACTER_SET_CLIENT=@OLD_CHARACTER_SET_CLIENT */;
/*!40101 SET CHARACTER_SET_RESULTS=@OLD_CHARACTER_SET_RESULTS */;
/*!40101 SET COLLATION_CONNECTION=@OLD_COLLATION_CONNECTION */;
